1000;"ENTRADAS OU AQUISIÇÕES DE SERVIÇOS DO ESTADO"
1100;"COMPRAS PARA INDUSTRIALIZAÇÃO, COMERCIALIZAÇÃO OU PRESTAÇÃO DE SERVIÇOS"
1101;"Compra para industrialização ou produção rural"
1102;"Compra para comercialização"
1111;"Compra para industrialização de mercadoria recebida anteriormente em consignação industrial"
1113;"Compra para comercialização, de mercadoria recebida anteriormente em consignação mercantil"
1116;"Compra para industrialização ou produção rural originada de encomenda para recebimento futuro"
1117;"Compra para comercialização originada de encomenda para recebimento futuro"
1118;"Compra de mercadoria para comercialização pelo adquirente originário, entregue pelo vendedor remetente ao destinatário, em venda à ordem"
1120;"Compra para industrialização, em venda à ordem, já recebida do vendedor remetente"
1121;"Compra para comercialização, em venda à ordem, já recebida do vendedor remetente"
1122;"Compra para industrialização em que a mercadoria foi remetida pelo fornecedor ao industrializador sem transitar pelo estabelecimento adquirente"
1124;"Industrialização efetuada por outra empresa"
1125;"Industrialização efetuada por outra empresa quando a mercadoria remetida para utilização no processo de industrialização não transitou pelo estabelecimento adquirente da mercadoria"
1126;"compras para utilização na prestação de serviços sujeitas ao ICMS"
1128;"compras para utilização na prestação de serviços sujeitas ao ISSQN"
1150;"TRANSFERÊNCIAS PARA INDUSTRIALIZAÇÃO, COMERCIALIZAÇÃO OU PRESTAÇÃO DE SERVIÇOS"
1151;"Transferência para industrialização ou produção rural"
1152;"Transferência para comercialização"
1153;"Transferência de energia elétrica para distribuição"
1154;"Transferência para utilização na prestação de serviço"
1200;"DEVOLUÇÕES DE VENDAS DE PRODUÇÃO PRÓPRIA, DE TERCEIROS OU ANULAÇÕES DE VALORES"
1201;"Devolução de venda de produção do estabelecimento"
1202;"Devolução de venda de mercadoria adquirida ou recebida de terceiros"
1203;"Devolução de venda de produção do estabelecimento, destinada à Zona Franca de Manaus ou Áreas de Livre Comércio"
1204;"Devolução de venda de mercadoria adquirida ou recebida de terceiros, destinada à Zona Franca de Manaus ou Áreas de Livre Comércio"
1205;"Anulação de valor relativo à prestação de serviço de comunicação"
1206;"Anulação de valor relativo à prestação de serviço de transporte"
1207;"Anulação de valor relativo à venda de energia elétrica"
1208;"Devolução de produção do estabelecimento, remetida em transferência"
1209;"Devolução de mercadoria adquirida ou recebida de terceiros, remetida em transferência"
1250;"COMPRAS DE ENERGIA ELÉTRICA"
1251;"Compra de energia elétrica para distribuição ou comercialização"
1252;"Compra de energia elétrica por estabelecimento industrial"
1253;"Compra de energia elétrica por estabelecimento comercial"
1254;"Compra de energia elétrica por estabelecimento prestador de serviço de transporte"
1255;"Compra de energia elétrica por estabelecimento prestador de serviço de comunicação"
1256;"Compra de energia elétrica por estabelecimento de produtor rural"
1257;"Compra de energia elétrica para consumo por demanda contratada"
1300;"AQUISIÇÕES DE SERVIÇOS DE COMUNICAÇÃO"
1301;"Aquisição de serviço de comunicação para execução de serviço da mesma natureza"
1302;"Aquisição de serviço de comunicação por estabelecimento industrial"
1303;"Aquisição de serviço de comunicação por estabelecimento comercial"
1304;"Aquisição de serviço de comunicação por estabelecimento de prestador de serviço de transporte"
1305;"Aquisição de serviço de comunicação por estabelecimento de geradora ou de distribuidora de energia elétrica 1.306 - Aquisição de serviço de comunicação por estabelecimento de produtor rural"
1350;"AQUISIÇÕES DE SERVIÇOS DE TRANSPORTE"
1351;"Aquisição de serviço de transporte para execução de serviço da mesma natureza"
1352;"Aquisição de serviço de transporte por estabelecimento industrial"
1353;"Aquisição de serviço de transporte por estabelecimento comercial"
1354;"Aquisição de serviço de transporte por estabelecimento de prestador de serviço de comunicação"
1355;"Aquisição de serviço de transporte por estabelecimento de geradora ou de distribuidora de energia elétrica"
1356;"Aquisição de serviço de transporte por estabelecimento de produtor rural"
1360;"Aquisição de serviço de transporte por contribuinte substituto em relação ao serviço de transporte"
1400;"ENTRADAS DE MERCADORIAS SUJEITAS AO REGIME DE SUBSTITUIÇÃO TRIBUTÁRIA"
1401;"Compra para industrialização ou produção rural em operação com mercadoria sujeita ao regime de substituição tributária"
1403;"Compra para comercialização em operação com mercadoria sujeita ao regime de substituição tributária"
1406;"Compra de bem para o ativo imobilizado cuja mercadoria está sujeita ao regime de substituição tributária"
1407;"Compra de mercadoria para uso ou consumo cuja mercadoria está sujeita ao regime de substituição tributária"
1408;"Transferência para industrialização ou produção rural em operação com mercadoria sujeita ao regime de substituição tributária"
1409;"Transferência para comercialização em operação com mercadoria sujeita ao regime de substituição tributária"
1410;"Devolução de venda de produção do estabelecimento em operação com produto sujeito ao regime de substituição tributária"
1411;"Devolução de venda de mercadoria adquirida ou recebida de terceiros em operação com mercadoria sujeita ao regime de substituição tributária 1.414 - Retorno de produção do estabelecimento, remetida para venda fora do estabelecimento em operação com  produto sujeito ao regime de substituição tributária"
1415;"Retorno de mercadoria adquirida ou recebida de terceiros, remetida para venda fora do estabelecimento em operação com mercadoria sujeita ao regime de substituição tributária"
1450;"SISTEMAS DE INTEGRAÇÃO"
1451;"Retorno de animal do estabelecimento produtor"
1452;"Retorno de insumo não utilizado na produção"
1500;"ENTRADAS DE MERCADORIAS REMETIDAS COM FIM ESPECÍFICO DE EXPORTAÇÃO E EVENTUAIS DEVOLUÇÕES"
1501;"Entrada de mercadoria recebida com fim específico de exportação"
1503;"Entrada decorrente de devolução de produto remetido com fim específico de exportação, de produção do estabelecimento"
1504;"Entrada decorrente de devolução de mercadoria remetida com fim específico de exportação, adquirida ou recebida de terceiros"
1505;"Entrada decorrente de devolução simbólica de mercadorias remetidas para formação de lote de exportação, de produtos industrializados ou produzidos pelo próprio estabelecimento"
1506;"Entrada decorrente de devolução simbólica de mercadorias, adquiridas ou recebidas de terceiros, remetidas para formação de lote de exportação"
1550;"OPERAÇÕES COM BENS DE ATIVO IMOBILIZADO E MATERIAIS PARA USO OU CONSUMO"
1551;"Compra de bem para o ativo imobilizado"
1552;"Transferência de bem do ativo imobilizado"
1553;"Devolução de venda de bem do ativo imobilizado"
1554;"Retorno de bem do ativo imobilizado remetido para uso fora do estabelecimento"
1555;"Entrada de bem do ativo imobilizado de terceiro, remetido para uso no estabelecimento"
1556;"Compra de material para uso ou consumo"
1557;"Transferência de material para uso ou consumo"
1600;"CRÉDITOS E RESSARCIMENTOS DE ICMS"
1601;"Recebimento, por transferência, de crédito de ICMS"
1602;"Recebimento, por transferência, de saldo credor de ICMS de outro estabelecimento da mesma empresa, para compensação de saldo devedor de ICMS"
1603;"Ressarcimento de ICMS retido por substituição tributária 1.604 - Lançamento do crédito relativo à compra de bem para o ativo imobilizado"
1605;"Recebimento, por transferência, de saldo devedor de ICMS de outro estabelecimento da mesma empresa"
1652;"Compra de combustível ou lubrificante para comercialização"
1653;"Compra de combustível ou lubrificante por consumidor ou usuário final"
1658;"Transferência de combustível e lubrificante para industrialização"
1659;"Transferência de combustível e lubrificante para comercialização"
1660;"Devolução de venda de combustível ou lubrificante destinado à industrialização subseqüente"
1661;"Devolução de venda de combustível ou lubrificante destinado à comercialização"
1662;"Devolução de venda de combustível ou lubrificante destinado a consumidor ou usuário final"
1663;"Entrada de combustível ou lubrificante para armazenagem"
1664;"Retorno de combustível ou lubrificante remetido para armazenagem"
1900;"OUTRAS ENTRADAS DE MERCADORIAS OU AQUISIÇÕES DE SERVIÇOS"
1901;"Entrada para industrialização por encomenda"
1902;"Retorno de mercadoria remetida para industrialização por encomenda"
1903;"Entrada de mercadoria remetida para industrialização e não aplicada no referido processo"
1904;"Retorno de remessa para venda fora do estabelecimento"
1905;"Entrada de mercadoria recebida para depósito em depósito fechado ou armazém geral"
1906;"Retorno de mercadoria remetida para depósito fechado ou armazém geral"
1907;"Retorno simbólico de mercadoria remetida para depósito fechado ou armazém geral"
1908;"Entrada de bem por conta de contrato de comodato"
1909;"Retorno de bem remetido por conta de contrato de comodato"
1910;"Entrada de bonificação, doação ou brinde"
1911;"Entrada de amostra grátis"
1912;"Entrada de mercadoria ou bem recebido para demonstração"
1913;"Retorno de mercadoria ou bem remetido para demonstração"
1914;"Retorno de mercadoria ou bem remetido para exposição ou feira"
1915;"Entrada de mercadoria ou bem recebido para conserto ou reparo"
1916;"Retorno de mercadoria ou bem remetido para conserto ou reparo"
1917;"Entrada de mercadoria recebida em consignação mercantil ou industrial"
1918;"Devolução de mercadoria remetida em consignação mercantil ou industrial"
1919;"Devolução simbólica de mercadoria vendida ou utilizada em processo industrial, remetida anteriormente em consignação mercantil ou industrial"
1920;"Entrada de vasilhame ou sacaria"
1921;"Retorno de vasilhame ou sacaria"
1922;"Lançamento efetuado a título de simples faturamento decorrente de compra para recebimento futuro"
1923;"Entrada de mercadoria recebida do vendedor remetente, em venda à ordem"
1924;"Entrada para industrialização por conta e ordem do adquirente da mercadoria, quando esta não transitar pelo estabelecimento do adquirente"
1925;"Retorno de mercadoria remetida para industrialização por conta e ordem do adquirente da mercadoria, quando esta não transitar pelo estabelecimento do adquirente"
1926;"Lançamento efetuado a título de reclassificação de mercadoria decorrente de formação de kit ou de sua desagregação"
1931;"Lançamento efetuado pelo tomador do serviço de transporte quando a responsabilidade de retenção do imposto for atribuída ao remetente ou alienante da mercadoria, pelo serviço de transporte realizado por transportador autônomo ou por transportador não inscrito na unidade da Federação onde iniciado o serviço"
1932;"Aquisição de serviço de transporte iniciado em unidade da Federação diversa daquela onde inscrito o prestador"
1933;"Aquisição de serviço tributado pelo ISSQN"
1949;"Outra entrada de mercadoria ou prestação de serviço não especificada"
2000;"ENTRADAS OU AQUISIÇÕES DE SERVIÇOS DE OUTROS ESTADOS"
2100;"COMPRAS PARA INDUSTRIALIZAÇÃO, COMERCIALIZAÇÃO OU PRESTAÇÃO DE SERVIÇOS"
2101;"Compra para industrialização ou produção rural"
2102;"Compra para comercialização"
2111;"Compra para industrialização de mercadoria recebida anteriormente em consignação industrial"
2113;"Compra para comercialização, de mercadoria recebida anteriormente em consignação mercantil"
2116;"Compra para industrialização ou produção rural originada de encomenda para recebimento futuro"
2117;"Compra para comercialização originada de encomenda para recebimento futuro"
2118;"Compra de mercadoria para comercialização pelo adquirente originário, entregue pelo vendedor remetente ao destinatário, em venda à ordem"
2120;"Compra para industrialização, em venda à ordem, já recebida do vendedor remetente 2.121 - Compra para comercialização, em venda à ordem, já recebida do vendedor remetente"
2122;"Compra para industrialização em que a mercadoria foi remetida pelo fornecedor ao industrializador sem transitar pelo estabelecimento adquirente"
2124;"Industrialização efetuada por outra empresa"
2125;"Industrialização efetuada por outra empresa quando a mercadoria remetida para utilização no processo de industrialização não transitou pelo estabelecimento adquirente da mercadoria"
2126;"Compra para utilização na prestação de serviço"
2150;"TRANSFERÊNCIAS PARA INDUSTRIALIZAÇÃO, COMERCIALIZAÇÃO OU PRESTAÇÃO DE SERVIÇOS"
2151;"Transferência para industrialização ou produção rural"
2152;"Transferência para comercialização"
2153;"Transferência de energia elétrica para distribuição"
2154;"Transferência para utilização na prestação de serviço"
2200;"DEVOLUÇÕES DE VENDAS DE PRODUÇÃO PRÓPRIA, DE TERCEIROS OU ANULAÇÕES DE VALORES"
2201;"Devolução de venda de produção do estabelecimento"
2202;"Devolução de venda de mercadoria adquirida ou recebida de terceiros"
2203;"Devolução de venda de produção do estabelecimento, destinada à Zona Franca de Manaus ou Áreas de Livre Comércio"
2204;"Devolução de venda de mercadoria adquirida ou recebida de terceiros, destinada à Zona Franca de Manaus ou Áreas de Livre Comércio"
2205;"Anulação de valor relativo à prestação de serviço de comunicação"
2206;"Anulação de valor relativo à prestação de serviço de transporte"
2207;"Anulação de valor relativo à venda de energia elétrica"
2208;"Devolução de produção do estabelecimento, remetida em transferência"
2209;"Devolução de mercadoria adquirida ou recebida de terceiros, remetida em transferência "
2250;"COMPRAS DE ENERGIA ELÉTRICA"
2251;"Compra de energia elétrica para distribuição ou comercialização"
2252;"Compra de energia elétrica por estabelecimento industrial"
2253;"Compra de energia elétrica por estabelecimento comercial"
2254;"Compra de energia elétrica por estabelecimento prestador de serviço de transporte"
2255;"Compra de energia elétrica por estabelecimento prestador de serviço de comunicação"
2256;"Compra de energia elétrica por estabelecimento de produtor rural"
2257;"Compra de energia elétrica para consumo por demanda contratada"
2300;"AQUISIÇÕES DE SERVIÇOS DE COMUNICAÇÃO"
2301;"Aquisição de serviço de comunicação para execução de serviço da mesma natureza"
2302;"Aquisição de serviço de comunicação por estabelecimento industrial"
2303;"Aquisição de serviço de comunicação por estabelecimento comercial"
2304;"Aquisição de serviço de comunicação por estabelecimento de prestador de serviço de transporte"
2305;"Aquisição de serviço de comunicação por estabelecimento de geradora ou de distribuidora de energia elétrica"
2306;"Aquisição de serviço de comunicação por estabelecimento de produtor rural"
2351;"Aquisição de serviço de transporte para execução de serviço da mesma natureza"
2352;"Aquisição de serviço de transporte por estabelecimento industrial"
2353;"Aquisição de serviço de transporte por estabelecimento comercial"
2354;"Aquisição de serviço de transporte por estabelecimento de prestador de serviço de comunicação"
2355;"Aquisição de serviço de transporte por estabelecimento de geradora ou de distribuidora de energia elétrica"
2356;"Aquisição de serviço de transporte por estabelecimento de produtor rural"
2400;"ENTRADAS DE MERCADORIAS SUJEITAS AO REGIME DE SUBSTITUIÇÃO TRIBUTÁRIA"
2401;"Compra para industrialização ou produção rural em operação com mercadoria sujeita ao regime desubstituição tributária"
2403;"Compra para comercialização em operação com mercadoria sujeita ao regime de substituição tributária"
2406;"Compra de bem para o ativo imobilizado cuja mercadoria está sujeita ao regime de substituição tributária"
2407;"Compra de mercadoria para uso ou consumo cuja mercadoria está sujeita ao regime de substituição tributária"
2408;"Transferência para industrialização ou produção rural em operação com mercadoria sujeita ao regime de substituição tributária"
2409;"Transferência para comercialização em operação com mercadoria sujeita ao regime de substituição tributária"
2410;"Devolução de venda de produção do estabelecimento em operação com produto sujeito ao regime desubstituição tributária"
2411;"Devolução de venda de mercadoria adquirida ou recebida de terceiros em operação com mercadoria sujeita ao regime de substituição tributária"
2414;"Retorno de produção do estabelecimento, remetida para venda fora do estabelecimento em operação com produto sujeito ao regime de substituição tributária"
2415;"Retorno de mercadoria adquirida ou recebida de terceiros, remetida para venda fora do estabelecimento em operação com mercadoria sujeita ao regime de substituição tributária"
2500;"ENTRADAS DE MERCADORIAS REMETIDAS COM FIM ESPECÍFICO DE EXPORTAÇÃO E EVENTUAIS DEVOLUÇÕES"
2501;"Entrada de mercadoria recebida com fim específico de exportação"
2503;"Entrada decorrente de devolução de produto remetido com fim específico de exportação, de produção do estabelecimento"
2504;"Entrada decorrente de devolução de mercadoria remetida com fim específico de exportação, adquirida ou recebida de terceiros"
2505;"Entrada decorrente de devolução simbólica de mercadorias remetidas para formação de lote de exportação, de produtos industrializados ou produzidos pelo próprio estabelecimento"
2506;"Entrada decorrente de devolução simbólica de mercadorias, adquiridas ou recebidas de terceiros, remetidas para formação de lote de exportação"
2550;"OPERAÇÕES COM BENS DE ATIVO IMOBILIZADO E MATERIAIS PARA USO OU CONSUMO"
2551;"Compra de bem para o ativo imobilizado"
2552;"Transferência de bem do ativo imobilizado"
2553;"Devolução de venda de bem do ativo imobilizado"
2554;"Retorno de bem do ativo imobilizado remetido para uso fora do estabelecimento"
2555;"Entrada de bem do ativo imobilizado de terceiro, remetido para uso no estabelecimento"
2556;"Compra de material para uso ou consumo"
2557;"Transferência de material para uso ou consumo"
2600;"CRÉDITOS E RESSARCIMENTOS DE ICMS"
2603;"Ressarcimento de ICMS retido por substituição tributária"
2651;"Compra de combustível ou lubrificante para industrialização subseqüente"
2652;"Compra de combustível ou lubrificante para comercialização"
2653;"Compra de combustível ou lubrificante por consumidor ou usuário final"
2658;"Transferência de combustível e lubrificante para industrialização"
2659;"Transferência de combustível e lubrificante para comercialização"
2660;"Devolução de venda de combustível ou lubrificante destinado à industrialização subseqüente"
2661;"Devolução de venda de combustível ou lubrificante destinado à comercialização"
2662;"Devolução de venda de combustível ou lubrificante destinado a consumidor ou usuário final"
2663;"Entrada de combustível ou lubrificante para armazenagem"
2664;"Retorno de combustível ou lubrificante remetido para armazenagem "
2900;"OUTRAS ENTRADAS DE MERCADORIAS OU AQUISIÇÕES DE SERVIÇOS"
2901;"Entrada para industrialização por encomenda"
2902;"Retorno de mercadoria remetida para industrialização por encomenda"
2903;"Entrada de mercadoria remetida para industrialização e não aplicada no referido processo"
2904;"Retorno de remessa para venda fora do estabelecimento"
2905;"Entrada de mercadoria recebida para depósito em depósito fechado ou armazém geral"
2906;"Retorno de mercadoria remetida para depósito fechado ou armazém geral"
2907;"Retorno simbólico de mercadoria remetida para depósito fechado ou armazém geral"
2908;"Entrada de bem por conta de contrato de comodato"
2909;"Retorno de bem remetido por conta de contrato de comodato"
2910;"Entrada de bonificação, doação ou brinde"
2911;"Entrada de amostra grátis"
2912;"Entrada de mercadoria ou bem recebido para demonstração"
2913;"Retorno de mercadoria ou bem remetido para demonstração"
2914;"Retorno de mercadoria ou bem remetido para exposição ou feira"
2915;"Entrada de mercadoria ou bem recebido para conserto ou reparo"
2916;"Retorno de mercadoria ou bem remetido para conserto ou reparo"
2917;"Entrada de mercadoria recebida em consignação mercantil ou industrial"
2918;"Devolução de mercadoria remetida em consignação mercantil ou industrial"
2919;"Devolução simbólica de mercadoria vendida ou utilizada em processo industrial, remetida anteriormente em consignação mercantil ou industrial"
2920;"Entrada de vasilhame ou sacaria"
2921;"Retorno de vasilhame ou sacaria"
2922;"Lançamento efetuado a título de simples faturamento decorrente de compra para recebimento futuro"
2923;"Entrada de mercadoria recebida do vendedor remetente, em venda à ordem"
2924;"Entrada para industrialização por conta e ordem do adquirente da mercadoria, quando esta não transitar pelo estabelecimento do adquirente"
2925;"Retorno de mercadoria remetida para industrialização por conta e ordem do adquirente da mercadoria, quando esta não transitar pelo estabelecimento do adquirente"
2931;"Lançamento efetuado pelo tomador do serviço de transporte quando a responsabilidade de retenção do imposto for atribuída ao remetente ou alienante da mercadoria, pelo serviço de transporte realizado por transportador autônomo ou por transportador não inscrito na unidade da Federação onde iniciado o serviço"
2932;"Aquisição de serviço de transporte iniciado em unidade da Federação diversa daquela onde inscrito o prestador"
2933;"Aquisição de serviço tributado pelo ISSQN"
2949;"Outra entrada de mercadoria ou prestação de serviço não especificado "
3000;"ENTRADAS OU AQUISIÇÕES DE SERVIÇOS DO EXTERIOR "
3100;"COMPRAS PARA INDUSTRIALIZAÇÃO, COMERCIALIZAÇÃO OU PRESTAÇÃO DE SERVIÇOS"
3101;"Compra para industrialização ou produção rural"
3102;"Compra para comercialização"
3126;"Compra para utilização na prestação de serviço"
3127;"Compra para industrialização sob o regime de "drawback" "
3200;"DEVOLUÇÕES DE VENDAS DE PRODUÇÃO PRÓPRIA, DE TERCEIROS OU ANULAÇÕES DE VALORES"
3201;"Devolução de venda de produção do estabelecimento"
3202;"Devolução de venda de mercadoria adquirida ou recebida de terceiros"
3205;"Anulação de valor relativo à prestação de serviço de comunicação"
3206;"Anulação de valor relativo à prestação de serviço de transporte"
3207;"Anulação de valor relativo à venda de energia elétrica"
3211;"Devolução de venda de produção do estabelecimento sob o regime de "drawback" "
3250;"COMPRAS DE ENERGIA ELÉTRICA"
3251;"Compra de energia elétrica para distribuição ou comercialização "
3300;"AQUISIÇÕES DE SERVIÇOS DE COMUNICAÇÃO"
3301;"Aquisição de serviço de comunicação para execução de serviço da mesma natureza "
3350;"AQUISIÇÕES DE SERVIÇOS DE TRANSPORTE"
3351;"Aquisição de serviço de transporte para execução de serviço da mesma natureza"
3352;"Aquisição de serviço de transporte por estabelecimento industrial"
3353;"Aquisição de serviço de transporte por estabelecimento comercial"
3354;"Aquisição de serviço de transporte por estabelecimento de prestador de serviço de comunicação"
3355;"Aquisição de serviço de transporte por estabelecimento de geradora ou de distribuidora de energia elétrica"
3356;"Aquisição de serviço de transporte por estabelecimento de produtor rural "
3500;"ENTRADAS DE MERCADORIAS REMETIDAS COM FIM ESPECÍFICO DE EXPORTAÇÃO E EVENTUAIS DEVOLUÇÕES"
3503;"Devolução de mercadoria exportada que tenha sido recebida com fim específico de exportação "
3550;"OPERAÇÕES COM BENS DE ATIVO IMOBILIZADO E MATERIAIS PARA USO OU CONSUMO"
3551;"Compra de bem para o ativo imobilizado"
3553;"Devolução de venda de bem do ativo imobilizado"
3556;"Compra de material para uso ou consumo"
3651;"Compra de combustível ou lubrificante para industrialização subseqüente"
3652;"Compra de combustível ou lubrificante para comercialização"
3653;"Compra de combustível ou lubrificante por consumidor ou usuário final "
3900;"OUTRAS ENTRADAS DE MERCADORIAS OU AQUISIÇÕES DE SERVIÇOS"
3930;"Lançamento efetuado a título de entrada de bem sob amparo de regime especial aduaneiro de admissão temporária"
3949;"Outra entrada de mercadoria ou prestação de serviço não especificado "
5000;"SAÍDAS OU PRESTAÇÕES DE SERVIÇOS PARA O ESTADO "
5100;"VENDAS DE PRODUÇÃO PRÓPRIA OU DE TERCEIROS"
5101;"Venda de produção do estabelecimento"
5102;"Venda de mercadoria adquirida ou recebida de terceiros"
5103;"Venda de produção do estabelecimento, efetuada fora do estabelecimento"
5104;"Venda de mercadoria adquirida ou recebida de terceiros, efetuada fora do estabelecimento"
5105;"Venda de produção do estabelecimento que não deva por ele transitar"
5106;"Venda de mercadoria adquirida ou recebida de terceiros, que não deva por ele transitar"
5109;"Venda de produção do estabelecimento, destinada à Zona Franca de Manaus ou Áreas de Livre Comércio"
5110;"Venda de mercadoria adquirida ou recebida de terceiros, destinada à Zona Franca de Manaus ou Áreas de Livre Comércio"
5111;"Venda de produção do estabelecimento remetida anteriormente em consignação industrial"
5112;"Venda de mercadoria adquirida ou recebida de terceiros remetida anteriormente em consignação industrial"
5113;"Venda de produção do estabelecimento remetida anteriormente em consignação mercantil"
5114;"Venda de mercadoria adquirida ou recebida de terceiros remetida anteriormente em consignação mercantil"
5115;"Venda de mercadoria adquirida ou recebida de terceiros, recebida anteriormente em consignação mercantil"
5116;"Venda de produção do estabelecimento originada de encomenda para entrega futura"
5117;"Venda de mercadoria adquirida ou recebida de terceiros, originada de encomenda para entrega futura"
5118;"Venda de produção do estabelecimento entregue ao destinatário por conta e ordem do adquirente originário, em venda à ordem"
5119;"Venda de mercadoria adquirida ou recebida de terceiros entregue ao destinatário por conta e ordem do adquirente originário, em venda à ordem"
5120;"Venda de mercadoria adquirida ou recebida de terceiros entregue ao destinatário pelo vendedor remetente, em venda à ordem"
5122;"Venda de produção do estabelecimento remetida para industrialização, por conta e ordem do adquirente, sem transitar pelo estabelecimento do adquirente"
5123;"Venda de mercadoria adquirida ou recebida de terceiros remetida para industrialização, por conta e ordem do adquirente, sem transitar pelo estabelecimento do adquirente"
5124;"Industrialização efetuada para outra empresa"
5125;"Industrialização efetuada para outra empresa quando a mercadoria recebida para utilização no processo de industrialização não transitar pelo estabelecimento adquirente da mercadoria"
5150;"TRANSFERÊNCIAS DE PRODUÇÃO PRÓPRIA OU DE TERCEIROS"
5151;"Transferência de produção do estabelecimento"
5152;"Transferência de mercadoria adquirida ou recebida de terceiros"
5153;"Transferência de energia elétrica"
5155;"Transferência de produção do estabelecimento, que não deva por ele transitar"
5156;"Transferência de mercadoria adquirida ou recebida de terceiros, que não deva por ele transitar"
5200;"DEVOLUÇÕES DE COMPRAS PARA INDUSTRIALIZAÇÃO, COMERCIALIZAÇÃO OU ANULAÇÕES DE VALORES"
5201;"Devolução de compra para industrialização ou produção rural"
5202;"Devolução de compra para comercialização"
5205;"Anulação de valor relativo a aquisição de serviço de comunicação"
5206;"Anulação de valor relativo a aquisição de serviço de transporte"
5207;"Anulação de valor relativo à compra de energia elétrica"
5208;"Devolução de mercadoria recebida em transferência para industrialização ou produção rural"
5209;"Devolução de mercadoria recebida em transferência para comercialização"
5210;"Devolução de compra para utilização na prestação de serviço sujeitas ao ICMS ou ISSQN"
5250;"VENDAS DE ENERGIA ELÉTRICA"
5251;"Venda de energia elétrica para distribuição ou comercialização"
5252;"Venda de energia elétrica para estabelecimento industrial"
5253;"Venda de energia elétrica para estabelecimento comercial"
5254;"Venda de energia elétrica para estabelecimento prestador de serviço de transporte"
5255;"Venda de energia elétrica para estabelecimento prestador de serviço de comunicação"
5256;"Venda de energia elétrica para estabelecimento de produtor rural"
5257;"Venda de energia elétrica para consumo por demanda contratada"
5258;"Venda de energia elétrica a não contribuinte "
5300;"PRESTAÇÕES DE SERVIÇOS DE COMUNICAÇÃO"
5301;"Prestação de serviço de comunicação para execução de serviço da mesma natureza"
5302;"Prestação de serviço de comunicação a estabelecimento industrial"
5303;"Prestação de serviço de comunicação a estabelecimento comercial"
5304;"Prestação de serviço de comunicação a estabelecimento de prestador de serviço de transporte"
5305;"Prestação de serviço de comunicação a estabelecimento de geradora ou de distribuidora de energia elétrica"
5306;"Prestação de serviço de comunicação a estabelecimento de produtor rural"
5307;"Prestação de serviço de comunicação a não contribuinte "
5350;"PRESTAÇÕES DE SERVIÇOS DE TRANSPORTE"
5351;"Prestação de serviço de transporte para execução de serviço da mesma natureza"
5352;"Prestação de serviço de transporte a estabelecimento industrial"
5353;"Prestação de serviço de transporte a estabelecimento comercial"
5354;"Prestação de serviço de transporte a estabelecimento de prestador de serviço de comunicação"
5355;"Prestação de serviço de transporte a estabelecimento de geradora ou de distribuidora de energia elétrica"
5356;"Prestação de serviço de transporte a estabelecimento de produtor rural"
5357;"Prestação de serviço de transporte a não contribuinte"
5359;"Prestação de serviço de transporte a contribuinte ou a não contribuinte quando a mercadoria transportada está dispensada de emissão de nota fiscal"
5360;"Prestação de serviço de transporte a contribuinte substituto em relação ao serviço de transporte"
5400;"SAÍDAS DE MERCADORIAS SUJEITAS AO REGIME DE SUBSTITUIÇÃO TRIBUTÁRIA"
5401;"Venda de produção do estabelecimento em operação com produto sujeito ao regime de substituição tributária, na condição de contribuinte substituto"
5402;"Venda de produção do estabelecimento de produto sujeito ao regime de substituição tributária, em operação entre contribuintes substitutos do mesmo produto"
5403;"Venda de mercadoria adquirida ou recebida de terceiros em operação com mercadoria sujeita ao regime de substituição tributária, na condição de contribuinte substituto"
5405;"Venda de mercadoria adquirida ou recebida de terceiros em operação com mercadoria sujeita ao regime de substituição tributária, na condição de contribuinte substituído"
5408;"Transferência de produção do estabelecimento em operação com produto sujeito ao regime de substituição tributária"
5409;"Transferência de mercadoria adquirida ou recebida de terceiros em operação com mercadoria sujeita ao regime de substituição tributária"
5410;"Devolução de compra para industrialização ou produção rural em operação com mercadoria sujeita ao regime de substituição tributária"
5411;"Devolução de compra para comercialização em operação com mercadoria sujeita ao regime de substituição tributária"
5412;"Devolução de bem do ativo imobilizado, em operação com mercadoria sujeita ao regime de substituição tributária"
5413;"Devolução de mercadoria destinada ao uso ou consumo, em operação com mercadoria sujeita ao regime de substituição tributária"
5414;"Remessa de produção do estabelecimento para venda fora do estabelecimento em operação com produto sujeito ao regime de substituição tributária"
5415;"Remessa de mercadoria adquirida ou recebida de terceiros para venda fora do estabelecimento, em operação com mercadoria sujeita ao regime de substituição tributária"
5450;"SISTEMAS DE INTEGRAÇÃO"
5451;"Remessa de animal e de insumo para estabelecimento produtor"
5500;"REMESSAS COM FIM ESPECÍFICO DE EXPORTAÇÃO E EVENTUAIS DEVOLUÇÕES"
5501;"Remessa de produção do estabelecimento, com fim específico de exportação 5.502 - Remessa de mercadoria adquirida ou recebida de terceiros, com fim específico de exportação"
5503;"Devolução de mercadoria recebida com fim específico de exportação"
5504;"Remessa de mercadorias para formação de lote de exportação, de produtos industrializados ou produzidos pelo próprio estabelecimento"
5505;"Remessa de mercadorias, adquiridas ou recebidas de terceiros, para formação de lote de exportação "
5550;"OPERAÇÕES COM BENS DE ATIVO IMOBILIZADO E MATERIAIS PARA USO OU CONSUMO"
5551;"Venda de bem do ativo imobilizado"
5552;"Transferência de bem do ativo imobilizado"
5553;"Devolução de compra de bem para o ativo imobilizado"
5554;"Remessa de bem do ativo imobilizado para uso fora do estabelecimento"
5555;"Devolução de bem do ativo imobilizado de terceiro, recebido para uso no estabelecimento"
5556;"Devolução de compra de material de uso ou consumo"
5557;"Transferência de material de uso ou consumo"
5600;"CRÉDITOS E RESSARCIMENTOS DE ICMS"
5601;"Transferência de crédito de ICMS acumulado"
5602;"Transferência de saldo credor de ICMS para outro estabelecimento da mesma empresa, destinado à compensação de saldo devedor de ICMS"
5603;"Ressarcimento de ICMS retido por substituição tributária"
5605;"Transferência de saldo devedor de ICMS de outro estabelecimento da mesma empresa"
5606;"Utilização de saldo credor de ICMS para extinção por compensação de débitos fiscais"
5651;"Venda de combustível ou lubrificante de produção do estabelecimento destinado à industrialização subseqüente"
5652;"Venda de combustível ou lubrificante de produção do estabelecimento destinado à comercialização"
5653;"Venda de combustível ou lubrificante de produção do estabelecimento destinado a consumidor ou usuário final"
5654;"Venda de combustível ou lubrificante adquirido ou recebido de terceiros destinado à industrialização subseqüente"
5655;"Venda de combustível ou lubrificante adquirido ou recebido de terceiros destinado à comercialização"
5656;"Venda de combustível ou lubrificante adquirido ou recebido de terceiros destinado a consumidor ou usuário final"
5657;"Remessa de combustível ou lubrificante adquirido ou recebido de terceiros para venda fora do estabelecimento"
5658;"Transferência de combustível ou lubrificante de produção do estabelecimento"
5659;"Transferência de combustível ou lubrificante adquirido ou recebido de terceiro"
5660;"Devolução de compra de combustível ou lubrificante adquirido para industrialização subseqüente"
5661;"Devolução de compra de combustível ou lubrificante adquirido para comercialização"
5662;"Devolução de compra de combustível ou lubrificante adquirido por consumidor ou usuário final"
5663;"Remessa para armazenagem de combustível ou lubrificante"
5664;"Retorno de combustível ou lubrificante recebido para armazenagem"
5665;"Retorno simbólico de combustível ou lubrificante recebido para armazenagem"
5666;"Remessa por conta e ordem de terceiros de combustível ou lubrificante recebido para armazenagem "
5900;"OUTRAS SAÍDAS DE MERCADORIAS OU PRESTAÇÕES DE SERVIÇOS"
5901;"Remessa para industrialização por encomenda"
5902;"Retorno de mercadoria utilizada na industrialização por encomenda"
5903;"Retorno de mercadoria recebida para industrialização e não aplicada no referido processo"
5904;"Remessa para venda fora do estabelecimento"
5905;"Remessa para depósito fechado ou armazém geral"
5906;"Retorno de mercadoria depositada em depósito fechado ou armazém geral"
5907;"Retorno simbólico de mercadoria depositada em depósito fechado ou armazém geral"
5908;"Remessa de bem por conta de contrato de comodato"
5909;"Retorno de bem recebido por conta de contrato de comodato"
5910;"Remessa em bonificação, doação ou brinde"
5911;"Remessa de amostra grátis"
5912;"Remessa de mercadoria ou bem para demonstração"
5913;"Retorno de mercadoria ou bem recebido para demonstração"
5914;"Remessa de mercadoria ou bem para exposição ou feira"
5915;"Remessa de mercadoria ou bem para conserto ou reparo"
5916;"Retorno de mercadoria ou bem recebido para conserto ou reparo"
5917;"Remessa de mercadoria em consignação mercantil ou industrial"
5918;"Devolução de mercadoria recebida em consignação mercantil ou industrial"
5919;"Devolução simbólica de mercadoria vendida ou utilizada em processo industrial, recebida anteriormente em consignação mercantil ou industrial"
5920;"Remessa de vasilhame ou sacaria"
5921;"Devolução de vasilhame ou sacaria"
5922;"Lançamento efetuado a título de simples faturamento decorrente de venda para entrega futura"
5923;"Remessa de mercadoria por conta e ordem de terceiros, em venda à ordem"
5924;"Remessa para industrialização por conta e ordem do adquirente da mercadoria, quando esta não transitar pelo estabelecimento do adquirente"
5925;"Retorno de mercadoria recebida para industrialização por conta e ordem do adquirente da mercadoria, quando aquela não transitar pelo estabelecimento do adquirente"
5926;"Lançamento efetuado a título de reclassificação de mercadoria decorrente de formação de kit ou de sua desagregação"
5927;"Lançamento efetuado a título de baixa de estoque decorrente de perda, roubo ou deterioração"
5928;"Lançamento efetuado a título de baixa de estoque decorrente do encerramento da atividade da empresa"
5929;"Lançamento efetuado em decorrência de emissão de documento fiscal relativo a operação ou prestação também registrada em equipamento Emissor de Cupom Fiscal - ECF"
5931;"Lançamento efetuado em decorrência da responsabilidade de retenção do imposto por substituição tributária, atribuída ao remetente ou alienante da mercadoria, pelo serviço de transporte realizado por transportador autônomo ou por transportador não inscrito na unidade da Federação onde iniciado o serviço"
5932;"Prestação de serviço de transporte iniciada em unidade da Federação diversa daquela onde inscrito o prestador"
5933;"Prestação de serviço tributado pelo ISSQN"
5949;"Outra saída de mercadoria ou prestação de serviço não especificado "
6000;"SAÍDAS OU PRESTAÇÕES DE SERVIÇOS PARA OUTROS ESTADOS "
6100;"VENDAS DE PRODUÇÃO PRÓPRIA OU DE TERCEIROS"
6101;"Venda de produção do estabelecimento"
6102;"Venda de mercadoria adquirida ou recebida de terceiros"
6103;"Venda de produção do estabelecimento, efetuada fora do estabelecimento"
6104;"Venda de mercadoria adquirida ou recebida de terceiros, efetuada fora do estabelecimento"
6105;"Venda de produção do estabelecimento que não deva por ele transitar"
6106;"Venda de mercadoria adquirida ou recebida de terceiros, que não deva por ele transitar"
6107;"Venda de produção do estabelecimento, destinada a não contribuinte"
6108;"Venda de mercadoria adquirida ou recebida de terceiros, destinada a não contribuinte"
6109;"Venda de produção do estabelecimento, destinada à Zona Franca de Manaus ou Áreas de Livre Comércio"
6110;"Venda de mercadoria adquirida ou recebida de terceiros, destinada à Zona Franca de Manaus ou Áreas de Livre Comércio"
6111;"Venda de produção do estabelecimento remetida anteriormente em consignação industrial"
6112;"Venda de mercadoria adquirida ou recebida de Terceiros remetida anteriormente em consignação industrial"
6113;"Venda de produção do estabelecimento remetida anteriormente em consignação mercantil"
6114;"Venda de mercadoria adquirida ou recebida de terceiros remetida anteriormente em consignação mercantil"
6115;"Venda de mercadoria adquirida ou recebida de terceiros, recebida anteriormente em consignação mercantil"
6116;"Venda de produção do estabelecimento originada de encomenda para entrega futura"
6117;"Venda de mercadoria adquirida ou recebida de terceiros, originada de encomenda para entrega futura"
6118;"Venda de produção do estabelecimento entregue ao destinatário por conta e ordem do adquirente originário, em venda à ordem"
6119;"Venda de mercadoria adquirida ou recebida de terceiros entregue ao destinatário por conta e ordem do adquirente originário, em venda à ordem"
6120;"Venda de mercadoria adquirida ou recebida de terceiros entregue ao destinatário pelo vendedor remetente, em venda à ordem"
6122;"Venda de produção do estabelecimento remetida para industrialização, por conta e ordem do adquirente, sem transitar pelo estabelecimento do adquirente"
6123;"Venda de mercadoria adquirida ou recebida de terceiros remetida para industrialização, por conta e ordem do adquirente, sem transitar pelo estabelecimento do adquirente"
6124;"Industrialização efetuada para outra empresa"
6125;"Industrialização efetuada para outra empresa quando a mercadoria recebida para utilização no processo de industrialização não transitar pelo estabelecimento adquirente da mercadoria"
6150;"TRANSFERÊNCIAS DE PRODUÇÃO PRÓPRIA OU DE TERCEIROS"
6151;"Transferência de produção do estabelecimento"
6152;"Transferência de mercadoria adquirida ou recebida de terceiros"
6153;"Transferência de energia elétrica 6.155 - Transferência de produção do estabelecimento, que não deva por ele transitar"
6156;"Transferência de mercadoria adquirida ou recebida de terceiros, que não deva por ele transitar"
6200;"DEVOLUÇÕES DE COMPRAS PARA INDUSTRIALIZAÇÃO, COMERCIALIZAÇÃO OU ANULAÇÕES DE VALORES"
6201;"Devolução de compra para industrialização ou produção rural"
6202;"Devolução de compra para comercialização"
6205;"Anulação de valor relativo a aquisição de serviço de comunicação"
6206;"Anulação de valor relativo a aquisição de serviço de transporte"
6207;"Anulação de valor relativo à compra de energia elétrica"
6208;"Devolução de mercadoria recebida em transferência para industrialização ou produção rural"
6209;"Devolução de mercadoria recebida em transferência para comercialização"
6210;"Devolução de compra para utilização na prestação de serviço "
6250;"VENDAS DE ENERGIA ELÉTRICA"
6251;"Venda de energia elétrica para distribuição ou comercialização"
6252;"Venda de energia elétrica para estabelecimento industrial"
6253;"Venda de energia elétrica para estabelecimento comercial"
6254;"Venda de energia elétrica para estabelecimento prestador de serviço de transporte"
6255;"Venda de energia elétrica para estabelecimento prestador de serviço de comunicação"
6256;"Venda de energia elétrica para estabelecimento de produtor rural"
6257;"Venda de energia elétrica para consumo por demanda contratada"
6258;"Venda de energia elétrica a não contribuinte"
6300;"PRESTAÇÕES DE SERVIÇOS DE COMUNICAÇÃO"
6301;"Prestação de serviço de comunicação para execução de serviço da mesma natureza"
6302;"Prestação de serviço de comunicação a estabelecimento industrial"
6303;"Prestação de serviço de comunicação a estabelecimento comercial"
6304;"Prestação de serviço de comunicação a estabelecimento de prestador de serviço de transporte"
6305;"Prestação de serviço de comunicação a estabelecimento de geradora ou de distribuidora de energia elétrica"
6306;"Prestação de serviço de comunicação a estabelecimento de produtor rural"
6307;"Prestação de serviço de comunicação a não contribuinte"
6350;"PRESTAÇÕES DE SERVIÇOS DE TRANSPORTE"
6351;"Prestação de serviço de transporte para execução de serviço da mesma natureza"
6352;"Prestação de serviço de transporte a estabelecimento industrial"
6353;"Prestação de serviço de transporte a estabelecimento comercial"
6354;"Prestação de serviço de transporte a estabelecimento de prestador de serviço de comunicação"
6355;"Prestação de serviço de transporte a estabelecimento de geradora ou de distribuidora de energia elétrica"
6356;"Prestação de serviço de transporte a estabelecimento de produtor rural"
6357;"Prestação de serviço de transporte a não contribuinte"
6359;"Prestação de serviço de transporte a contribuinte ou a não contribuinte quando a mercadoria transportada está dispensada de emissão de nota fiscal"
6400;"SAÍDAS DE MERCADORIAS SUJEITAS AO REGIME DE SUBSTITUIÇÃO TRIBUTÁRIA"
6401;"Venda de produção do estabelecimento em operação com produto sujeito ao regime de substituição tributária, na condição de contribuinte substituto"
6402;"Venda de produção do estabelecimento de produto sujeito ao regime de substituição tributária, em operação entre contribuintes substitutos do mesmo produto"
6403;"Venda de mercadoria adquirida ou recebida de terceiros em operação com mercadoria sujeita ao regime de substituição tributária, na condição de contribuinte substituto"
6404;"Venda de mercadoria sujeita ao regime de substituição tributária, cujo imposto já tenha sido retido anteriormente"
6408;"Transferência de produção do estabelecimento em operação com produto sujeito ao regime de substituição tributária"
6409;"Transferência de mercadoria adquirida ou recebida de terceiros em operação com mercadoria sujeita ao regime de substituição tributária"
6410;"Devolução de compra para industrialização ou produção rural em operação com mercadoria sujeita ao regime de substituição tributária"
6411;"Devolução de compra para comercialização em operação com mercadoria sujeita ao regime de substituição tributária"
6412;"Devolução de bem do ativo imobilizado, em operação com mercadoria sujeita ao regime de substituição tributária"
6413;"Devolução de mercadoria destinada ao uso ou consumo, em operação com mercadoria sujeita ao regime de substituição tributária"
6414;"Remessa de produção do estabelecimento para venda fora do estabelecimento em operação com produto sujeito ao regime de substituição tributária"
6415;"Remessa de mercadoria adquirida ou recebida de terceiros para venda fora do estabelecimento, em operação com mercadoria sujeita ao regime de substituição tributária"
6500;"REMESSAS COM FIM ESPECÍFICO DE EXPORTAÇÃO E EVENTUAIS DEVOLUÇÕES"
6501;"Remessa de produção do estabelecimento, com fim específico de exportação"
6502;"Remessa de mercadoria adquirida ou recebida de terceiros, com fim específico de exportação"
6503;"Devolução de mercadoria recebida com fim específico de exportação"
6504;"Remessa de mercadorias para formação de lote de exportação, de produtos industrializados ou produzidos pelo próprio estabelecimento"
6505;"Remessa de mercadorias, adquiridas ou recebidas de terceiros, para formação de lote de exportação"
6550;"OPERAÇÕES COM BENS DE ATIVO IMOBILIZADO E MATERIAIS PARA USO OU CONSUMO"
6551;"Venda de bem do ativo imobilizado"
6552;"Transferência de bem do ativo imobilizado"
6553;"Devolução de compra de bem para o ativo imobilizado"
6554;"Remessa de bem do ativo imobilizado para uso fora do estabelecimento"
6555;"Devolução de bem do ativo imobilizado de terceiro, recebido para uso no estabelecimento"
6556;"Devolução de compra de material de uso ou consumo"
6557;"Transferência de material de uso ou consumo"
6600;"CRÉDITOS E RESSARCIMENTOS DE ICMS"
6603;"Ressarcimento de ICMS retido por substituição tributária"
6651;"Venda de combustível ou lubrificante de produção do estabelecimento destinado à industrialização subseqüente"
6652;"Venda de combustível ou lubrificante de produção do estabelecimento destinado à comercialização"
6653;"Venda de combustível ou lubrificante de produção do estabelecimento destinado a consumidor ou usuário final"
6654;"Venda de combustível ou lubrificante adquirido ou recebido de terceiros destinado à industrialização subseqüente"
6655;"Venda de combustível ou lubrificante adquirido ou recebido de terceiros destinado à comercialização"
6656;"Venda de combustível ou lubrificante adquirido ou recebido de terceiros destinado a consumidor ou usuário final"
6657;"Remessa de combustível ou lubrificante adquirido ou recebido de terceiros para venda fora do estabelecimento"
6658;"Transferência de combustível ou lubrificante de produção do estabelecimento"
6659;"Transferência de combustível ou lubrificante adquirido ou recebido de terceiro"
6660;"Devolução de compra de combustível ou lubrificante adquirido para industrialização subseqüente"
6661;"Devolução de compra de combustível ou lubrificante adquirido para comercialização"
6662;"Devolução de compra de combustível ou lubrificante adquirido por consumidor ou usuário final"
6663;"Remessa para armazenagem de combustível ou lubrificante"
6664;"Retorno de combustível ou lubrificante recebido para armazenagem"
6665;"Retorno simbólico de combustível ou lubrificante recebido para armazenagem"
6666;"Remessa por conta e ordem de terceiros de combustível ou lubrificante recebido para armazenagem"
6900;"OUTRAS SAÍDAS DE MERCADORIAS OU PRESTAÇÕES DE SERVIÇOS"
6901;"Remessa para industrialização por encomenda"
6902;"Retorno de mercadoria utilizada na industrialização por encomenda"
6903;"Retorno de mercadoria recebida para industrialização e não aplicada no referido processo"
6904;"Remessa para venda fora do estabelecimento"
6905;"Remessa para depósito fechado ou armazém geral"
6906;"Retorno de mercadoria depositada em depósito fechado ou armazém geral"
6907;"Retorno simbólico de mercadoria depositada em depósito fechado ou armazém geral"
6908;"Remessa de bem por conta de contrato de comodato"
6909;"Retorno de bem recebido por conta de contrato de comodato"
6910;"Remessa em bonificação, doação ou brinde"
6911;"Remessa de amostra grátis"
6912;"Remessa de mercadoria ou bem para demonstração 6.913 - Retorno de mercadoria ou bem recebido para demonstração"
6914;"Remessa de mercadoria ou bem para exposição ou feira"
6915;"Remessa de mercadoria ou bem para conserto ou reparo"
6916;"Retorno de mercadoria ou bem recebido para conserto ou reparo"
6917;"Remessa de mercadoria em consignação mercantil ou industrial"
6918;"Devolução de mercadoria recebida em consignação mercantil ou industrial"
6919;"Devolução simbólica de mercadoria vendida ou utilizada em processo industrial, recebida anteriormente em consignação mercantil ou industrial"
6920;"Remessa de vasilhame ou sacaria"
6921;"Devolução de vasilhame ou sacaria"
6922;"Lançamento efetuado a título de simples faturamento decorrente de venda para entrega futura"
6923;"Remessa de mercadoria por conta e ordem de terceiros, em venda à ordem"
6924;"Remessa para industrialização por conta e ordem do adquirente da mercadoria, quando esta não transitar pelo estabelecimento do adquirente"
6925;"Retorno de mercadoria recebida para industrialização por conta e ordem do adquirente da mercadoria, quando aquela não transitar pelo estabelecimento do adquirente"
6929;"Lançamento efetuado em decorrência de emissão de documento fiscal relativo a operação ou prestação também registrada em equipamento Emissor de Cupom Fiscal - ECF"
6931;"Lançamento efetuado em decorrência da responsabilidade de retenção do imposto por substituição tributária, atribuída ao remetente ou alienante da mercadoria, pelo serviço de transporte realizado por transportador autônomo ou por transportador não inscrito na unidade da Federação onde iniciado o serviço"
6932;"Prestação de serviço de transporte iniciada em unidade da Federação diversa daquela onde inscrito o prestador"
6933;"Prestação de serviço tributado pelo ISSQN"
6949;"Outra saída de mercadoria ou prestação de serviço não especificado"
7000;"SAÍDAS OU PRESTAÇÕES DE SERVIÇOS PARA O EXTERIOR "
7100;"VENDAS DE PRODUÇÃO PRÓPRIA OU DE TERCEIROS"
7101;"Venda de produção do estabelecimento"
7102;"Venda de mercadoria adquirida ou recebida de terceiros"
7105;"Venda de produção do estabelecimento, que não deva por ele transitar"
7106;"Venda de mercadoria adquirida ou recebida de terceiros, que não deva por ele transitar"
7127;"Venda de produção do estabelecimento sob o regime de "drawback" "
7200;"DEVOLUÇÕES DE COMPRAS PARA INDUSTRIALIZAÇÃO, COMERCIALIZAÇÃO OU ANULAÇÕES DE VALORES"
7201;"Devolução de compra para industrialização ou produção rural"
7202;"Devolução de compra para comercialização"
7205;"Anulação de valor relativo à aquisição de serviço de comunicação"
7206;"Anulação de valor relativo a aquisição de serviço de transporte"
7207;"Anulação de valor relativo à compra de energia elétrica"
7210;"Devolução de compra para utilização na prestação de serviço"
7211;"Devolução de compras para industrialização sob o regime de drawback" "
7250;"VENDAS DE ENERGIA ELÉTRICA"
7251;"Venda de energia elétrica para o exterior "
7300;"PRESTAÇÕES DE SERVIÇOS DE COMUNICAÇÃO"
7301;"Prestação de serviço de comunicação para execução de serviço da mesma natureza "
7350;"PRESTAÇÕES DE SERVIÇO DE TRANSPORTE"
7358;"Prestação de serviço de transporte "
7500;"EXPORTAÇÃO DE MERCADORIAS RECEBIDAS COM FIM ESPECÍFICO DE EXPORTAÇÃO"
7501;"Exportação de mercadorias recebidas com fim específico de exportação"
7550;"OPERAÇÕES COM BENS DE ATIVO IMOBILIZADO E MATERIAIS PARA USO OU CONSUMO"
7551;"Venda de bem do ativo imobilizado"
7553;"Devolução de compra de bem para o ativo imobilizado"
7556;"Devolução de compra de material de uso ou consumo"
7651;"Venda de combustível ou lubrificante de produção do estabelecimento"
7654;"Venda de combustível ou lubrificante adquirido ou recebido de terceiros"
7900;"OUTRAS SAÍDAS DE MERCADORIAS OU PRESTAÇÕES DE SERVIÇOS"
7930;"Lançamento efetuado atítulo de devolução de bem cuja entrada tenha ocorrido sob amparo de regime especial aduaneiro de admissão temporária"
7949;"Outra saída de mercadoria ou prestação de serviço não especificado"
